{
  "Voltage": {
    "Mn": {
      "n": 56,
      "aleatoric": 0.0051901143540841336,
      "epistemic": 0.06824254187294071,
      "epi_pct": 92.9321440613038
    },
    "V": {
      "n": 49,
      "aleatoric": 0.004277292965992549,
      "epistemic": 0.05138683329751248,
      "epi_pct": 92.31588950890105
    },
    "Fe": {
      "n": 41,
      "aleatoric": 0.009395879034066445,
      "epistemic": 0.0867680293617082,
      "epi_pct": 90.22930828123528
    },
    "Ni": {
      "n": 32,
      "aleatoric": 0.004437704498036384,
      "epistemic": 0.04439327406786931,
      "epi_pct": 90.91211229353729
    },
    "Cr": {
      "n": 28,
      "aleatoric": 0.006721057500455347,
      "epistemic": 0.22238890793136487,
      "epi_pct": 97.06644907924992
    },
    "Cu": {
      "n": 26,
      "aleatoric": 0.003960538139551807,
      "epistemic": 0.07562641397388913,
      "epi_pct": 95.0236338565817
    },
    "Co": {
      "n": 25,
      "aleatoric": 0.004939708986762746,
      "epistemic": 0.057790926109421235,
      "epi_pct": 92.12552371072162
    },
    "Ti": {
      "n": 24,
      "aleatoric": 0.004313006679340588,
      "epistemic": 0.11031096788060203,
      "epi_pct": 96.23725604010957
    }
  },
  "Capacity": {
    "Mn": {
      "n": 56,
      "aleatoric": 0.007309161138965392,
      "epistemic": 0.08323328033056404,
      "epi_pct": 91.92736464763304
    },
    "V": {
      "n": 49,
      "aleatoric": 0.0037321766783795637,
      "epistemic": 0.06568638374310729,
      "epi_pct": 94.62366166091748
    },
    "Fe": {
      "n": 41,
      "aleatoric": 0.006073039260503366,
      "epistemic": 0.09144697526748492,
      "epi_pct": 93.77252014379017
    },
    "Ni": {
      "n": 32,
      "aleatoric": 0.006876770632282146,
      "epistemic": 0.12897737389937375,
      "epi_pct": 94.93812231051974
    },
    "Cr": {
      "n": 28,
      "aleatoric": 0.0035237922019042815,
      "epistemic": 0.07074094917944575,
      "epi_pct": 95.2550939566199
    },
    "Cu": {
      "n": 26,
      "aleatoric": 0.0047682825868066965,
      "epistemic": 0.19095062390941814,
      "epi_pct": 97.56370875345215
    },
    "Co": {
      "n": 25,
      "aleatoric": 0.004595736146571944,
      "epistemic": 0.11671623228637472,
      "epi_pct": 96.2116383025207
    },
    "Ti": {
      "n": 24,
      "aleatoric": 0.004395156966435025,
      "epistemic": 0.14486674838024446,
      "epi_pct": 97.05540609559638
    }
  },
  "DeltaV": {
    "Mn": {
      "n": 56,
      "aleatoric": 0.038272021077806355,
      "epistemic": 0.1990386034508933,
      "epi_pct": 83.87260530209517
    },
    "V": {
      "n": 49,
      "aleatoric": 0.051481905199634095,
      "epistemic": 0.24792996155934602,
      "epi_pct": 82.80565638332702
    },
    "Fe": {
      "n": 41,
      "aleatoric": 0.010469834356990055,
      "epistemic": 0.046841676095732136,
      "epi_pct": 81.73170751514759
    },
    "Ni": {
      "n": 32,
      "aleatoric": 0.01779416659814353,
      "epistemic": 0.20413586462357264,
      "epi_pct": 91.98208259594821
    },
    "Cr": {
      "n": 28,
      "aleatoric": 0.008855859836056723,
      "epistemic": 0.06486526256999509,
      "epi_pct": 87.9873507794969
    },
    "Cu": {
      "n": 26,
      "aleatoric": 0.008666076766856462,
      "epistemic": 0.18946985191530663,
      "epi_pct": 95.62619620555644
    },
    "Co": {
      "n": 25,
      "aleatoric": 0.027640462536951717,
      "epistemic": 0.14087100879423387,
      "epi_pct": 83.59728134909685
    },
    "Ti": {
      "n": 24,
      "aleatoric": 0.007954973658351017,
      "epistemic": 0.12840507465688702,
      "epi_pct": 94.16619914950407
    }
  }
}