{
  "families": {
    "Mn": {
      "n": 56,
      "u": [
        0.10544747564122374,
        0.11512366348763312,
        0.1925423310562143
      ]
    },
    "V": {
      "n": 49,
      "u": [
        0.10046125868244288,
        0.07530391012949056,
        0.2448449009766307
      ]
    },
    "Fe": {
      "n": 41,
      "u": [
        0.15256162953951155,
        0.09943328942841512,
        0.14403587073017565
      ]
    },
    "Ni": {
      "n": 32,
      "u": [
        0.10233993332767898,
        0.11589829874139884,
        0.20177614824437087
      ]
    },
    "Cr": {
      "n": 28,
      "u": [
        0.12079633634311204,
        0.09737946587241084,
        0.14927014973188985
      ]
    },
    "Cu": {
      "n": 26,
      "u": [
        0.10875708203169601,
        0.11395606239084947,
        0.16166796425709537
      ]
    },
    "Co": {
      "n": 25,
      "u": [
        0.1114285611200484,
        0.10487979211868359,
        0.2019719344653018
      ]
    },
    "Ti": {
      "n": 24,
      "u": [
        0.10444095140929015,
        0.1018659826648907,
        0.13773360113667468
      ]
    }
  },
  "calibration": {
    "Voltage": {
      "coverage": 0.8794520547945206,
      "spearman_sig_err": 0.0675117782478501
    },
    "Capacity": {
      "coverage": 0.8712328767123287,
      "spearman_sig_err": 0.442084902662373
    },
    "DeltaV": {
      "coverage": 0.8712328767123287,
      "spearman_sig_err": 0.37444947700061165
    }
  }
}